,1st,Median,Mean,3rd
Case1,-0.12767039095067,0.000740504924738,0.000223755587343,0.12817572760212
Case2,-0.087150893894306,6.19525671054813E-18,0.00023099593367,0.086901684545673
Case3,-0.1299210238164,-0.00040289351976,-7.96914495816E-05,0.130278691685237
Case4,-0.704731216970355,-0.129841389145467,-0.000107011326024,4.61693701643E-05
