"","No_A","PR2","F_ST_l1","Rel.Fit_l1","Rho_EnvR2"
1254488294944,9144,0.267279090113736,0.0277429511391682,1,0.0503421481283916
