"","No_A","PR2","F_ST_l1","Rel.Fit_l1","Rho_EnvR2"
1278335993644,9481,0.258833456386457,0.0293507831861308,1,-0.00990652573831064
