"seed","No_A","PR2","F_ST_l1","F_ST_l2","Rel.Fit_l1","Rel.Fit_l2","Rho_EnvR2"
1278335993644,4532,0.252206531332745,0.0294545508583836,0.0286533067122776,1,1,0.00430457707894791
