"seed","No_A","PR2","F_ST_l1","Rel.Fit_l1","Rho_Env1R2","Rho_Env2R2"
1292720835655,8,340.375,0.00621265041104368,0.97953107,0.0063068195791594,-0.0217266080026002
