"seed","No_A","PR2","F_ST_l1","Rel.Fit_l1","Rho_Env1R2","Rho_Env2R2"
1442299973452,8,269.625,0.00657994739907095,0.97975981,0.0222341473639165,0.00866052495118405
