"seed","No_A","PR2","F_ST_l1","F_ST_l2","Rel.Fit_l1","Rel.Fit_l2","Rho_EnvR2"
"1540759557858","4745","0.277133825079031","0.0292875497958628","0.0299100279223114","1","1","0.00871686248969801"
