"seed","No_A","PR2","F_ST_l1","Rel.Fit_l1","Rho_Env1R2","Rho_Env2R2"
1582596794702,8,350,0.00614431734634893,0.98036175,0.0074194280427999,0.0139780684478957
