"seed","No_A","PR2","F_ST_l1","F_ST_l2","Rel.Fit_l1","Rel.Fit_l2","Rho_EnvR2"
1589041996747,4572,0.305555555555556,0.0277634555926261,0.0296770431182145,1,1,0.0498210398371055
