"","No_A","PR2","F_ST_l1","Rel.Fit_l1","Rho_EnvR2"
1589041996747,9201,0.255950440169547,0.0274651913557998,1,0.0597977067945652
