"seed","No_A","PR2","F_ST_l1","F_ST_l2","Rel.Fit_l1","Rel.Fit_l2","Rho_EnvR2"
"1602454886424","5928","0.561066126855601","0.0416860393175422","0.0359906067547114","1.239145","1.06876","-0.0551840176768685"
