"seed","No_A","PR2","F_ST_l1","F_ST_l2","Rel.Fit_l1","Rel.Fit_l2","Rho_EnvR2"
"1674984747052","6002","0.564978340553149","0.0412546269327057","0.03388491901885","1.238945","1.028985","-0.0502819836553311"
