"seed","No_A","PR2","F_ST_l1","F_ST_l2","Rel.Fit_l1","Rel.Fit_l2","Rho_EnvR2"
"1675083888655","6081","0.548922874527216","0.0377036949893331","0.0329491045962742","1.23726","1.238535","-0.0125390417020438"
