"seed","No_A","PR2","F_ST_l1","Rel.Fit_l1","Rho_Env1R2","Rho_Env2R2"
1688198020681,8,105.125,0.00645450402074087,0.97817618,0.0242365922788315,0.0204724420153593
