"seed","No_A","PR2","F_ST_l1","Rel.Fit_l1","Rho_Env1R2","Rho_Env2R2"
1688198020681,8,97.75,0.00645450402074087,0.97817618,0.017315258984216,-0.00609520324524389
