"seed","No_A","PR2","F_ST_l1","Rel.Fit_l1","Rho_Env1R2","Rho_Env2R2"
1723367103375,8,269.25,0.00693829460719389,0.98018549,-0.0234285754529163,-0.020937671367228
