"seed","No_A","PR2","F_ST_l1","Rel.Fit_l1","Rho_Env1R2","Rho_Env2R2"
1749818164389,8,105.25,0.00685296997918274,0.97971223,0.0215959864510253,NA
