"seed","No_A","PR2","F_ST_l1","Rel.Fit_l1","Rho_Env1R2","Rho_Env2R2"
1749818164389,8,90,0.00685296997918274,0.97971223,0.026133539502243,0.0389841937772753
