"seed","No_A","PR2","F_ST_l1","Rel.Fit_l1","Rho_Env1R2","Rho_Env2R2"
1802264053141,8,244.375,0.0066924340584508,0.97952903,-0.00904613133877188,-0.0321805388590634
