"seed","No_A","PR2","F_ST_l1","Rel.Fit_l1","Rho_Env1R2","Rho_Env2R2"
1802264053141,8,368.375,0.0066924340584508,0.97952903,-0.00483953740528808,-0.0205124594075687
