"seed","No_A","PR2","F_ST_l1","Rel.Fit_l1","Rho_Env1R2","Rho_Env2R2"
1810467011062,8,370.875,0.00688809620726278,0.98017879,0.0220703747592942,0.00689879112823868
