"seed","No_A","PR2","F_ST_l1","Rel.Fit_l1","Rho_Env1R2","Rho_Env2R2"
1810467011062,8,252,0.00688809620726278,0.98017879,0.0310733530866468,0.0258255191834116
