"seed","No_A","PR2","F_ST_l1","Rel.Fit_l1","Rho_Env1R2","Rho_Env2R2"
1881494860397,8,371.875,0.00603985642801306,0.9787326,-0.0222205404230035,0.0308262450875292
