"seed","No_A","PR2","F_ST_l1","Rel.Fit_l1","Rho_Env1R2","Rho_Env2R2"
1881494860397,8,234.75,0.00603985642801306,0.9787326,-0.0203570096592056,0.0276960315183508
