"seed","No_A","PR2","F_ST_l1","Rel.Fit_l1","Rho_EnvR2"
1940819310024,4573,0.26809534222611,0.0305702793219047,1,0.0161638671445881
