"seed","No_A","PR2","F_ST_l1","F_ST_l2","Rel.Fit_l1","Rel.Fit_l2","Rho_EnvR2"
"2207643041387","4577","0.258684727987765","0.0303518617534196","0.0295987568720744","1","1","0.0131658017792274"
