"seed","No_A","PR2","F_ST_l1","Rel.Fit_l1","Rho_Env1R2","Rho_Env2R2"
2213962186360,8,113.75,0.00669098131753429,0.97918179,0.0467456572395305,0.0390592999944777
