"seed","No_A","PR2","F_ST_l1","F_ST_l2","Rel.Fit_l1","Rel.Fit_l2","Rho_EnvR2"
2519699755125,4511,0.330525382398581,0.0291821522952295,0.0278661503119229,1,1,-0.0621128637897374
