"seed","No_A","PR2","F_ST_l1","F_ST_l2","Rel.Fit_l1","Rel.Fit_l2","Rho_EnvR2"
"2519699755125","5999","0.57276212702117","0.0277297953608757","0.0269660820003469","1","1","0.178544286502717"
