"","No_A","PR2","F_ST_l1","Rel.Fit_l1","Rho_EnvR2"
2519699755125,9252,0.270211846087332,0.0286818404538396,1,-0.0601946384311885
