"seed","No_A","PR2","F_ST_l1","Rel.Fit_l1","Rho_Env1R2","Rho_Env2R2"
2591104706283,8,255.625,0.0061795319535624,0.97895942,0.00554096885958553,0.0215766430626277
