"seed","No_A","PR2","F_ST_l1","Rel.Fit_l1","Rho_Env1R2","Rho_Env2R2"
2602608872577,8,250.375,0.00644115235308936,0.98014743,-0.0137690867725658,-0.001668705545753
