"","No_A","PR2","F_ST_l1","Rel.Fit_l1","Rho_EnvR2"
2876069253310,9163,0.252537378587799,0.0286797081354165,1,0.0766146530753102
