"seed","No_A","PR2","F_ST_l1","Rel.Fit_l1","Rho_EnvR2"
2876069253310,4460,0.298654708520179,0.029274789735176,1,0.0806084243510601
