"seed","No_A","PR2","F_ST_l1","Rel.Fit_l1","Rho_Env1R2","Rho_Env2R2"
2889863491989,8,241.875,0.00674229606624486,0.97848656,-0.0205557557402161,-0.0245110919841884
