"seed","No_A","PR2","F_ST_l1","Rel.Fit_l1","Rho_Env1R2","Rho_Env2R2"
2889863491989,8,365.625,0.00674229606624486,0.97848656,-0.0125389060217446,-0.018206752396425
