"seed","No_A","PR2","F_ST_l1","F_ST_l2","Rel.Fit_l1","Rel.Fit_l2","Rho_EnvR2"
"3323115928098","4598","0.254023488473249","0.0296334874735833","0.0296834114822526","1","1","-0.0257863794501654"
