"seed","No_A","PR2","F_ST_l1","Rel.Fit_l1","Rho_EnvR2"
3323115928098,9472,0.253800675675676,0.029296198190859,1,-0.0177683183361008
