"seed","No_A","PR2","F_ST_l1","F_ST_l2","Rel.Fit_l1","Rel.Fit_l2","Rho_EnvR2"
"3393663285300","4493","0.273759180948142","0.029702780719153","0.0292272595175737","1","1","0.00691357878254341"
