"seed","No_A","PR2","F_ST_l1","F_ST_l2","Rel.Fit_l1","Rel.Fit_l2","Rho_EnvR2"
3393663285300,4493,0.265079011796127,0.0294839861697354,0.0297003838128817,1,1,0.00225950539381778
