"","No_A","PR2","F_ST_l1","Rel.Fit_l1","Rho_EnvR2"
3809137545526,9183,0.250789502341283,0.026546215427467,1,0.0768971744056379
