"seed","No_A","PR2","F_ST_l1","Rel.Fit_l1","Rho_EnvR2"
3809137545526,4489,0.303631098240143,0.0269911514275094,1,0.0905191234116462
