"seed","No_A","PR2","F_ST_l1","F_ST_l2","Rel.Fit_l1","Rel.Fit_l2","Rho_EnvR2"
3916598271113,4523,0.28056599602034,0.0269989115859892,0.0294380617588302,1,1,-0.0941609719442391
