"seed","No_A","PR2","F_ST_l1","Rel.Fit_l1","Rho_Env1R2","Rho_Env2R2"
4030688734724,8,256.5,0.00640815385945173,0.97998302,-0.0127064890589625,0.0237731217955708
