"seed","No_A","PR2","F_ST_l1","Rel.Fit_l1","Rho_Env1R2","Rho_Env2R2"
4128918927628,8,383.25,0.00662027708396789,0.98010434,-0.00176221805969877,0.0388050482472113
