"seed","No_A","PR2","F_ST_l1","Rel.Fit_l1","Rho_Env1R2","Rho_Env2R2"
4128918927628,8,242.125,0.00662027708396789,0.98010434,-0.00877848238037098,0.02448615578823
