"seed","No_A","PR2","F_ST_l1","Rel.Fit_l1","Rho_Env1R2","Rho_Env2R2"
4196126074995,8,383.125,0.00619598662445985,0.97952858,-0.00415956608573696,-0.0326775961148806
