"seed","No_A","PR2","F_ST_l1","Rel.Fit_l1","Rho_Env1R2","Rho_Env2R2"
4196126074995,8,253.625,0.00619598662445985,0.97952858,-0.0129494553526868,-0.0113563520304915
