"seed","No_A","PR2","F_ST_l1","Rel.Fit_l1","Rho_Env1R2","Rho_Env2R2"
4207685783970,8,84.25,0.00750903602725738,0.97981611,0.00132632257532175,0.0518197449095867
