"seed","No_A","PR2","F_ST_l1","Rel.Fit_l1","Rho_Env1R2","Rho_Env2R2"
4207685783970,8,84,0.00750949434883938,0.97981611,0.0026000142106388,0.0553987858491622
