"seed","No_A","PR2","F_ST_l1","Rel.Fit_l1","Rho_Env1R2","Rho_Env2R2"
4223012060392,8,93.625,0.00683090341136464,0.9813253,0.0532648613853374,0.0358768213527872
