"","No_A","PR2","F_ST_l1","Rel.Fit_l1","Rho_EnvR2"
4280735488981,9336,0.247750642673522,0.0282087255639033,1,0.0532515750207786
