"seed","No_A","PR2","F_ST_l1","Rel.Fit_l1","Rho_Env1R2","Rho_Env2R2"
4438659167382,9358,0.290126095319513,0.00602490842302044,0.97984755,0.00488738327526795,0.0127874575799933
