"seed","No_A","PR2","F_ST_l1","F_ST_l2","Rel.Fit_l1","Rel.Fit_l2","Rho_EnvR2"
4496341759106,4478,0.264403751674855,0.0247929064831053,0.0254900075734417,1,1,0.0447617441260434
