"seed","No_A","PR2","F_ST_l1","F_ST_l2","Rel.Fit_l1","Rel.Fit_l2","Rho_EnvR2"
"4496341759106","6149","0.284761749878029","0.0249908381522797","0.0267232664405657","1","1","0.101979156815866"
