"seed","No_A","PR2","F_ST_l1","Rel.Fit_l1","Rho_Env1R2","Rho_Env2R2"
4592125687282,8,377.125,0.00665164831372915,0.97862837,0.0167890590790522,-0.0178229271576276
