"seed","No_A","PR2","F_ST_l1","Rel.Fit_l1","Rho_Env1R2","Rho_Env2R2"
4592125687282,8,258.75,0.00665164831372915,0.97862837,0.000644153746600801,-0.0396162798515902
