"","No_A","PR2","F_ST_l1","Rel.Fit_l1","Rho_EnvR2"
4621752902865,9348,0.236307231493368,0.0266141382992723,1,0.0417155718355807
