"seed","No_A","PR2","F_ST_l1","Rel.Fit_l1","Rho_EnvR2"
4621752902865,4522,0.286156567890314,0.0269073983394213,1,0.0445652800230588
