"seed","No_A","PR2","F_ST_l1","Rel.Fit_l1","Rho_Env1R2","Rho_Env2R2"
4693516184575,8,364.375,0.00647433078575198,0.98108459,0.0030027177784936,0.0193044898804969
