"seed","No_A","PR2","F_ST_l1","Rel.Fit_l1","Rho_Env1R2","Rho_Env2R2"
4693516184575,8,241.25,0.00647433078575198,0.98108459,0.00213688263710765,0.0184061250541705
