"","No_A","PR2","F_ST_l1","Rel.Fit_l1","Rho_EnvR2"
4698739288374,9135,0.251340996168582,0.0274473766736398,1,0.0399370646252206
