"seed","No_A","PR2","F_ST_l1","Rel.Fit_l1","Rho_Env1R2","Rho_Env2R2"
5003617403563,9169,0.300687097829643,0.00590951865935817,0.97833935,-0.0235016100151641,-0.0103806413871276
