"seed","No_A","PR2","F_ST_l1","Rel.Fit_l1","Rho_Env1R2","Rho_Env2R2"
5295954239088,8,248.875,0.0068531915373116,0.97702242,-0.022186218321721,-0.000458055619561266
