"","No_A","PR2","F_ST_l1","Rel.Fit_l1","Rho_EnvR2"
5385408036410,9305,0.249650725416443,0.0287173263949594,1,0.0634151101296996
