"seed","No_A","PR2","F_ST_l1","F_ST_l2","Rel.Fit_l1","Rel.Fit_l2","Rho_EnvR2"
5385408036410,4574,0.295583734149541,0.0290971075432695,0.0291003517965993,1,1,0.0542187720275181
