"seed","No_A","PR2","F_ST_l1","Rel.Fit_l1","Rho_Env1R2","Rho_Env2R2"
5434225959004,8,233.625,0.00641892514877193,0.97925149,-0.0317447727747921,-0.0151662667261277
