"","No_A","PR2","F_ST_l1","Rel.Fit_l1","Rho_EnvR2"
5518873473655,9408,0.243409863945578,0.0255418724486482,1,-0.0398672796414719
