"seed","No_A","PR2","F_ST_l1","F_ST_l2","Rel.Fit_l1","Rel.Fit_l2","Rho_EnvR2"
5518873473655,4583,0.29129391228453,0.0258670232571044,0.0288160687505022,1,1,-0.0423494472997527
