"seed","No_A","PR2","F_ST_l1","Rel.Fit_l1","Rho_EnvR2"
5521073151055,4507,0.314177945418238,0.0273647244192877,1,-0.0684989779105907
