"","No_A","PR2","F_ST_l1","Rel.Fit_l1","Rho_EnvR2"
5521073151055,9342,0.255619781631342,0.0269805416418476,1,-0.0637214394147837
