"seed","No_A","PR2","F_ST_l1","F_ST_l2","Rel.Fit_l1","Rel.Fit_l2","Rho_EnvR2"
5526691746355,4371,0.263326469915351,0.0263491004285398,0.0275626246448862,1,1,-0.0881448925677661
