"","No_A","PR2","F_ST_l1","Rel.Fit_l1","Rho_EnvR2"
5526691746355,9222,0.227065712426805,0.0260442864887367,1,-0.0655819555280236
