"","No_A","PR2","F_ST_l1","Rel.Fit_l1","Rho_EnvR2"
5536135188855,9274,0.241535475522967,0.027582635089407,1,-0.040372003982778
