"seed","No_A","PR2","F_ST_l1","F_ST_l2","Rel.Fit_l1","Rel.Fit_l2","Rho_EnvR2"
5536135188855,4549,0.283798637063091,0.0281118690114758,0.0289354063238807,1,1,-0.087262345565512
