"seed","No_A","PR2","F_ST_l1","Rel.Fit_l1","Rho_EnvR2"
5551393883655,4598,0.291431056981296,0.0276878099567226,1,-0.0692288082193666
