"","No_A","PR2","F_ST_l1","Rel.Fit_l1","Rho_EnvR2"
5551393883655,9187,0.243822793077174,0.0272794730317169,1,-0.0567674213511254
