"seed","No_A","PR2","F_ST_l1","F_ST_l2","Rel.Fit_l1","Rel.Fit_l2","Rho_EnvR2"
5555300357555,4443,0.321404456448346,0.0302154693377493,0.027467015576136,1,1,-0.0407355368735557
