"","No_A","PR2","F_ST_l1","Rel.Fit_l1","Rho_EnvR2"
5555300357555,9148,0.260822037603848,0.0296465608437973,1,-0.0349797500538495
