"","No_A","PR2","F_ST_l1","Rel.Fit_l1","Rho_EnvR2"
5561122192855,9223,0.266399219342947,0.0288100112655957,1,-0.0402808165482022
