"seed","No_A","PR2","F_ST_l1","Rel.Fit_l1","Rho_EnvR2"
5561122192855,4601,0.316018256900674,0.0291835085710264,1,-0.0396455095225796
