"seed","No_A","PR2","F_ST_l1","Rel.Fit_l1","Rho_EnvR2"
5583941596055,4552,0.282513181019332,0.0276171122918155,1,-0.0364510502608276
