"","No_A","PR2","F_ST_l1","Rel.Fit_l1","Rho_EnvR2"
5583941596055,9203,0.244159513202217,0.0274049412278401,1,-0.0484943150622221
