"seed","No_A","PR2","F_ST_l1","F_ST_l2","Rel.Fit_l1","Rel.Fit_l2","Rho_EnvR2"
5597604322855,4628,0.320440795159896,0.0286869716390487,0.0280622127313391,1,1,-0.0662094321073765
