"","No_A","PR2","F_ST_l1","Rel.Fit_l1","Rho_EnvR2"
5597604322855,9375,0.266666666666667,0.0281889744675226,1,-0.0687808096182191
