"seed","No_A","PR2","F_ST_l1","Rel.Fit_l1","Rho_EnvR2"
5643197868019,9458,0.258299851977162,0.030223032390432,1,-0.00644027122945771
