"seed","No_A","PR2","F_ST_l1","F_ST_l2","Rel.Fit_l1","Rel.Fit_l2","Rho_EnvR2"
"5643197868019","4593","0.27128238623993","0.0299426741252585","0.0299545822692649","1","1","-0.0194811159660486"
