"seed","No_A","PR2","F_ST_l1","Rel.Fit_l1","Rho_Env1R2","Rho_Env2R2"
6004202094859,8,241.75,0.00608826996586858,0.98093788,0.0328486518299355,0.0212512222360982
