"seed","No_A","PR2","F_ST_l1","Rel.Fit_l1","Rho_EnvR2"
6040998529642,9541,0.254899905670265,0.0308982603944087,1,0.012781842341037
