"seed","No_A","PR2","F_ST_l1","Rel.Fit_l1","Rho_Env1R2","Rho_Env2R2"
6099690822883,8,347.625,0.00590967743373819,0.98065868,-0.00966787535713971,-0.0166659179830369
