"seed","No_A","PR2","F_ST_l1","Rel.Fit_l1","Rho_Env1R2","Rho_Env2R2"
6141913321101,8,94.875,0.00657315845623909,0.97984534,0.00841625981826954,0.00850513956228871
