"seed","No_A","PR2","F_ST_l1","Rel.Fit_l1","Rho_Env1R2","Rho_Env2R2"
6153876761206,8,356.625,0.00581717526563966,0.97833101,0.00276141799051265,0.0295238478413696
