"seed","No_A","PR2","F_ST_l1","F_ST_l2","Rel.Fit_l1","Rel.Fit_l2","Rho_EnvR2"
"6232745500281","4593","0.260831700413673","0.0296212699991267","0.0296411955793182","1","1","-0.0309229161490156"
