"seed","No_A","PR2","F_ST_l1","Rel.Fit_l1","Rho_EnvR2"
6232745500281,9606,0.248802831563606,0.0301789735793178,1,0.0119950756702079
