"seed","No_A","PR2","F_ST_l1","F_ST_l2","Rel.Fit_l1","Rel.Fit_l2","Rho_EnvR2"
6359250998124,4630,0.255939524838013,0.0296866651847443,0.0294556433541783,1,1,0.0131260868271338
