"seed","No_A","PR2","F_ST_l1","F_ST_l2","Rel.Fit_l1","Rel.Fit_l2","Rho_EnvR2"
"6417941976338","4546","0.26528816542015","0.0296857083315529","0.0297013534498926","1","1","-0.00891821195492823"
