"seed","No_A","PR2","F_ST_l1","Rel.Fit_l1","Rho_EnvR2"
6417941976338,9472,0.251055743243243,0.0300216574748157,1,-0.00602476739667157
