"seed","No_A","PR2","F_ST_l1","Rel.Fit_l1","Rho_Env1R2","Rho_Env2R2"
6575058632296,8,96.875,0.00706782690466233,0.97805613,0.00222060611663363,0.0520907512297517
