"seed","No_A","PR2","F_ST_l1","Rel.Fit_l1","Rho_Env1R2","Rho_Env2R2"
6657938631018,8,226.5,0.00616149764772818,0.97875958,-0.0115998312017183,-0.0106130305991879
