"seed","No_A","PR2","F_ST_l1","F_ST_l2","Rel.Fit_l1","Rel.Fit_l2","Rho_EnvR2"
6842444356530,4555,0.298792535675082,0.0283446393732125,0.0276757924207517,1,1,0.0448344528851068
