"","No_A","PR2","F_ST_l1","Rel.Fit_l1","Rho_EnvR2"
6842444356530,9228,0.243931512787169,0.0279762816721024,1,0.0690826917572862
