"seed","No_A","PR2","F_ST_l1","F_ST_l2","Rel.Fit_l1","Rel.Fit_l2","Rho_EnvR2"
"7502828106749","6075","0.352592592592593","0.0282553589245288","0.0305590664895278","1","1","0.122516821618491"
