"seed","No_A","PR2","F_ST_l1","F_ST_l2","Rel.Fit_l1","Rel.Fit_l2","Rho_EnvR2"
7502828106749,4646,0.283684890228153,0.0287981145284767,0.0283709884287831,1,1,0.0643941874910262
