"","No_A","PR2","F_ST_l1","Rel.Fit_l1","Rho_EnvR2"
8081899648532,9399,0.246515586764549,0.0282282889940906,1,0.0475466768877971
