"seed","No_A","PR2","F_ST_l1","Rel.Fit_l1","Rho_EnvR2"
8081899648532,4721,0.292946409658971,0.0286456951879629,1,0.0285268718354554
