"seed","No_A","PR2","F_ST_l1","Rel.Fit_l1","Rho_Env1R2","Rho_Env2R2"
8134827591478,8,102,0.00687250538587094,0.97943596,0.0226232577652203,0.0356701809174487
