"seed","No_A","PR2","F_ST_l1","Rel.Fit_l1","Rho_Env1R2","Rho_Env2R2"
8266232826979,8,362.125,0.00655563277112403,0.97820207,-0.0122299532466659,-0.0129794694588896
