"seed","No_A","PR2","F_ST_l1","Rel.Fit_l1","Rho_Env1R2","Rho_Env2R2"
8435562691650,8,246.375,0.00621262498696428,0.98094576,0.00312046829230154,-0.0122827616145363
