"seed","No_A","PR2","F_ST_l1","Rel.Fit_l1","Rho_Env1R2","Rho_Env2R2"
8676247830036,8,97,0.00703414635901489,0.97844539,0.0056503127834639,0.0489007834537808
