"seed","No_A","PR2","F_ST_l1","Rel.Fit_l1","Rho_Env1R2","Rho_Env2R2"
8748231054981,8,258.75,0.00620871864719893,0.98004062,0.00779221059451413,0.0154677070225914
