"seed","No_A","PR2","F_ST_l1","Rel.Fit_l1","Rho_Env1R2","Rho_Env2R2"
8792449324158,8,348.875,0.00638981389851662,0.97870685,0.0636295166523677,0.01822541426655
