"seed","No_A","PR2","F_ST_l1","Rel.Fit_l1","Rho_Env1R2","Rho_Env2R2"
8859898358582,8,240.125,0.00704076111017327,0.97893756,-0.014807622738576,0.0173440094221957
