"seed","No_A","PR2","F_ST_l1","Rel.Fit_l1","Rho_Env1R2","Rho_Env2R2"
8999846339690,8,359.375,0.00622110487554744,0.97754031,0.0140903393215827,-0.033722595436111
