"seed","No_A","PR2","F_ST_l1","Rel.Fit_l1","Rho_Env1R2","Rho_Env2R2"
9081900117452,8,349.25,0.00604665934212089,0.97947268,-0.0137084623871068,-0.00690372903556442
