"seed","No_A","PR2","F_ST_l1","Rel.Fit_l1","Rho_Env1R2","Rho_Env2R2"
9278521810890,8,110,0.00707362973794318,0.97674406,0.0176688447162151,0.0316358249953372
