"seed","No_A","PR2","F_ST_l1","Rel.Fit_l1","Rho_Env1R2","Rho_Env2R2"
9698520718839,8,251.25,0.00668171243842178,0.97940412,-0.00100456553695408,0.0131830586428309
