"seed","No_A","PR2","F_ST_l1","Rel.Fit_l1","Rho_Env1R2","Rho_Env2R2"
9698520718839,8,368.75,0.00668171243842178,0.97940412,0.018020683353849,0.00284580085089246
