"seed","No_A","PR2","F_ST_l1","Rel.Fit_l1","Rho_Env1R2","Rho_Env2R2"
9785941433393,8,233.75,0.00573972798710679,0.97977545,0.00369171859203927,-0.0032988792137762
